{"cameraMode":{"drawMode":0,"name":"Shaded","section":"Shading Mode"},"sceneLighting":true,"audioPlay":false,"sceneViewState":{"showFog":true,"showMaterialUpdate":false,"showSkybox":true,"showFlares":true,"showImageEffects":true,"showParticleSystems":true},"in2DMode":false,"pivot":{"x":289.5903625488281,"y":54.874900817871097,"z":-48.742401123046878},"rotation":{"x":0.0009402078576385975,"y":0.9990493059158325,"z":-0.032980628311634067,"w":0.02848065085709095},"size":422.3895263671875,"orthographic":false}